SNP,rsID,Pos (hg19),Alleles
rs1000940,rs1000940,chr17:5283252,G/A
rs10132280,rs10132280,chr14:25928179,A/C
rs1016287,rs1016287,chr2:59305625,T/C
rs10182181,rs10182181,chr2:25150296,A/G
rs10733682,rs10733682,chr9:129460914,A/G
rs10938397,rs10938397,chr4:45182527,A/G
rs10968576,rs10968576,chr9:28414339,A/G
rs11030104,rs11030104,chr11:27684517,A/G
rs11057405,rs11057405,chr12:122781897,A/G
rs11126666,rs11126666,chr2:26928811,A/G
rs11165643,rs11165643,chr1:96924097,C/T
rs11191560,rs11191560,chr10:104869038,C/T
rs11583200,rs11583200,chr1:50559820,C/T
rs1167827,rs1167827,chr7:75163169,A/G
rs11688816,rs11688816,chr2:63053048,A/G
rs11727676,rs11727676,chr4:145659064,C/T
rs11847697,rs11847697,chr14:30515112,C/T
rs12016871,rs9581854,chr13:28017782,C/T
rs12286929,rs12286929,chr11:115022404,A/G
rs12401738,rs12401738,chr1:78446761,A/G
rs12429545,rs12429545,chr13:54102206,A/G
rs12446632,rs12446632,chr16:19935389,A/G
rs12566985,rs12566985,chr1:75002193,A/G
rs12885454,rs12885454,chr14:29736838,A/C
rs12940622,rs12940622,chr17:78615571,A/G
rs13021737,rs13021737,chr2:632348,A/G
rs13078960,rs13078960,chr3:85807590,G/T
rs13107325,rs13107325,chr4:103188709,C/T
rs13191362,rs13191362,chr6:163033350,A/G
rs13201877,rs13201877,chr6:137675541,A/G
rs1441264,rs1441264,chr13:79580919,G/A
rs1460676,rs1460676,chr2:164567689,C/T
rs1516725,rs1516725,chr3:185824004,C/T
rs1528435,rs1528435,chr2:181550962,T/C
rs1558902,rs1558902,chr16:53803574,A/T
rs16851483,rs16851483,chr3:141275436,G/T
rs16907751,rs16907751,chr8:81375457,C/T
rs16951275,rs16951275,chr15:68077168,C/T
rs17001654,rs17001654,chr4:77129568,C/G
rs17024393,rs17024393,chr1:110154688,C/T
rs17094222,rs17094222,chr10:102395440,C/T
rs17203016,rs17203016,chr2:208255518,A/G
rs17405819,rs17405819,chr8:76806584,C/T
rs17724992,rs17724992,chr19:18454825,A/G
rs1808579,rs1808579,chr18:21104888,T/C
rs1928295,rs1928295,chr9:120378483,C/T
rs2033529,rs2033529,chr6:40348653,G/C/A
rs2033732,rs2033732,chr8:85079709,T/C
rs205262,rs205262,chr6:34563164,G/A
rs2075650,rs2075650,chr19:45395619,A/G
rs2080454,rs2080454,chr16:49062590,A/C
rs2112347,rs2112347,chr5:75015242,G/T
rs2121279,rs2121279,chr2:143043285,C/T
rs2176040,rs2176040,chr2:227092802,A/G
rs2176598,rs2176598,chr11:43864278,T/C
rs2207139,rs2207139,chr6:50845490,A/G
rs2245368,rs2245368,chr7:76608143,C/T
rs2287019,rs2287019,chr19:46202172,C/T
rs2365389,rs2365389,chr3:61236462,C/T
rs2650492,rs2650492,chr16:28333411,A/G
rs2820292,rs2820292,chr1:201784287,A/C
rs2836754,rs2836754,chr21:40291740,C/T
rs29941,rs29941,chr19:34309532,G/A
rs3101336,rs3101336,chr1:72751185,T/C
rs3736485,rs3736485,chr15:51748610,A/G
rs3810291,rs3810291,chr19:47569003,A/G
rs3817334,rs3817334,chr11:47650993,C/T
rs3849570,rs3849570,chr3:81792112,C/A
rs3888190,rs3888190,chr16:28889486,C/A
rs4256980,rs4256980,chr11:8673939,C/G
rs4740619,rs4740619,chr9:15634326,C/T
rs4787491,rs4787491,chr16:30015337,A/G
rs492400,rs492400,chr2:219349752,C/T
rs543874,rs543874,chr1:177889480,A/G
rs6091540,rs6091540,chr20:51087862,C/T
rs6465468,rs6465468,chr7:95169514,G/T
rs6477694,rs6477694,chr9:111932342,C/T
rs6567160,rs6567160,chr18:57829135,C/T
rs657452,rs657452,chr1:49589847,A/G
rs6804842,rs6804842,chr3:25106437,A/G
rs7138803,rs7138803,chr12:50247468,A/G
rs7141420,rs7141420,chr14:79899454,C/T
rs7164727,rs7164727,chr15:73093991,C/T
rs7239883,rs7239883,chr18:40147671,A/G
rs7243357,rs7243357,chr18:56883319,G/T
rs758747,rs758747,chr16:3627358,C/T
rs7599312,rs7599312,chr2:213413231,A/G
rs7715256,rs7715256,chr5:153537893,G/T
rs7899106,rs7899106,chr10:87410904,A/G
rs7903146,rs7903146,chr10:114758349,C/T
rs9374842,rs9374842,chr6:120185665,C/T
rs9400239,rs9400239,chr6:108977663,C/T
rs9540493,rs9540493,chr13:66205704,A/G
rs9641123,rs9641123,chr7:93197732,C/G
rs977747,rs977747,chr1:47684677,T/G
rs9914578,rs9914578,chr17:2005136,C/G
rs9925964,rs9925964,chr16:31129895,A/G
